<?xml version="1.0" encoding="UTF-8"?>
<!--$Id: NAIPLayer.xml 11760 2009-06-19 11:20:06Z tgaskins $-->
<Layer version="1" layerType="TiledImageLayer">
    <DisplayName>USDA NAIP USGS</DisplayName>
    <Service serviceName="OGC:WMS" version="1.3">
        <GetCapabilitiesURL>http://isse.cr.usgs.gov/ArcGIS/services/Combined/USGS_EDC_Ortho_NAIP/MapServer/WMSServer?</GetCapabilitiesURL>
        <GetMapURL>http://isse.cr.usgs.gov/ArcGIS/services/Combined/USGS_EDC_Ortho_NAIP/MapServer/WMSServer?CRS=CRS:84</GetMapURL>
        <LayerNames>0</LayerNames>
    </Service>
    <!-- day month year hours:minutes:seconds timezone -->
    <LastUpdate>01 09 2010 00:00:00 GMT</LastUpdate>
    <DataCacheName>Earth/USDA NAIP USGS</DataCacheName>
    <ImageFormat>image/png</ImageFormat>
    <AvailableImageFormats>
        <ImageFormat>image/png</ImageFormat>
    </AvailableImageFormats>
    <FormatSuffix>.png</FormatSuffix>
    <NumLevels count="15" numEmpty="0"/>
    <TileOrigin>
        <LatLon units="degrees" latitude="-90" longitude="-180"/>
    </TileOrigin>
    <LevelZeroTileDelta>
        <LatLon units="degrees" latitude="36" longitude="36"/>
    </LevelZeroTileDelta>
    <TileSize>
        <Dimension width="512" height="512"/>
    </TileSize>
    <Sector>
        <SouthWest>
            <LatLon units="degrees" latitude="24.0" longitude="-125.0"/>
        </SouthWest>
        <NorthEast>
            <LatLon units="degrees" latitude="50.0" longitude="-66.0"/>
        </NorthEast>
    </Sector>
    <UseTransparentTextures>true</UseTransparentTextures>
    <ScreenCredit creditType="ScreenImage">
        <FileName>images/usda_logo-32x32.png</FileName>
        <Link>http://isse.cr.usgs.gov/</Link>
    </ScreenCredit>
    <RetrievalTimeouts>
        <ReadTimeout>
            <Time units="milliseconds" value="30000"/>
        </ReadTimeout>
    </RetrievalTimeouts>
</Layer>