<?xml version="1.0" encoding="UTF-8" ?>
<usersLocations>
	<userLocation>
		<longitude>9.066887</longitude>
		<latitude>44.706461</latitude>
		<timestamp>2011-05-03T14:52:43+02:00</timestamp>
	</userLocation>
	<userLocation>
		<longitude>8.400074</longitude>
		<latitude>45.078770</latitude>
		<timestamp>2011-05-03T14:52:43+02:00</timestamp>
	</userLocation>
	<userLocation>
		<longitude>8.423800</longitude>
		<latitude>44.640975</latitude>
		<timestamp>2011-05-03T14:52:43+02:00</timestamp>
	</userLocation>
	<userLocation>
		<longitude>8.807689</longitude>
		<latitude>44.764805</latitude>
		<timestamp>2011-05-03T14:52:43+02:00</timestamp>
	</userLocation>
	<userLocation>
		<longitude>9.081794</longitude>
		<latitude>44.742551</latitude>
		<timestamp>2011-05-03T14:52:43+02:00</timestamp>
	</userLocation>
	<userLocation>
		<longitude>8.738945</longitude>
		<latitude>44.998128</latitude>
		<timestamp>2011-05-03T14:52:43+02:00</timestamp>
	</userLocation>
	<userLocation>
		<longitude>9.030988</longitude>
		<latitude>44.665810</latitude>
		<timestamp>2011-05-03T14:52:43+02:00</timestamp>
	</userLocation>
	<userLocation>
		<longitude>8.945834</longitude>
		<latitude>44.730120</latitude>
		<timestamp>2011-05-03T14:52:43+02:00</timestamp>
	</userLocation>
	<userLocation>
		<longitude>8.791966</longitude>
		<latitude>45.000520</latitude>
		<timestamp>2011-05-03T14:52:43+02:00</timestamp>
	</userLocation>
	<userLocation>
		<longitude>9.062873</longitude>
		<latitude>44.781521</latitude>
		<timestamp>2011-05-03T14:52:43+02:00</timestamp>
	</userLocation>
	<userLocation>
		<longitude>9.060516</longitude>
		<latitude>44.787155</latitude>
		<timestamp>2011-05-03T14:52:43+02:00</timestamp>
	</userLocation>
	<userLocation>
		<longitude>8.981167</longitude>
		<latitude>44.745774</latitude>
		<timestamp>2011-05-03T14:52:43+02:00</timestamp>
	</userLocation>
	<userLocation>
		<longitude>8.975692</longitude>
		<latitude>44.722466</latitude>
		<timestamp>2011-05-03T14:52:43+02:00</timestamp>
	</userLocation>
	<userLocation>
		<longitude>8.877641</longitude>
		<latitude>44.979982</latitude>
		<timestamp>2011-05-03T14:52:43+02:00</timestamp>
	</userLocation>
	<userLocation>
		<longitude>8.877641</longitude>
		<latitude>44.979982</latitude>
		<timestamp>2011-05-03T14:52:43+02:00</timestamp>
	</userLocation>
	<userLocation>
		<longitude>8.847312</longitude>
		<latitude>44.893382</latitude>
		<timestamp>2011-05-03T14:52:43+02:00</timestamp>
	</userLocation>
	<userLocation>
		<longitude>8.757516</longitude>
		<latitude>44.640851</latitude>
		<timestamp>2011-05-03T14:52:43+02:00</timestamp>
	</userLocation>
	<userLocation>
		<longitude>8.945349</longitude>
		<latitude>44.730891</latitude>
		<timestamp>2011-05-03T14:52:43+02:00</timestamp>
	</userLocation>
	<userLocation>
		<longitude>8.895007</longitude>
		<latitude>44.708391</latitude>
		<timestamp>2011-05-03T14:52:43+02:00</timestamp>
	</userLocation>
	<userLocation>
		<longitude>9.092721</longitude>
		<latitude>44.781637</latitude>
		<timestamp>2011-05-03T14:52:43+02:00</timestamp>
	</userLocation>
	<userLocation>
		<longitude>8.887912</longitude>
		<latitude>44.850110</latitude>
		<timestamp>2011-05-03T14:52:43+02:00</timestamp>
	</userLocation>
	<userLocation>
		<longitude>8.933700</longitude>
		<latitude>44.755093</latitude>
		<timestamp>2011-05-03T14:52:43+02:00</timestamp>
	</userLocation>
	<userLocation>
		<longitude>8.916250</longitude>
		<latitude>44.748532</latitude>
		<timestamp>2011-05-03T14:52:43+02:00</timestamp>
	</userLocation>
	<userLocation>
		<longitude>8.816866</longitude>
		<latitude>44.958310</latitude>
		<timestamp>2011-05-03T14:52:43+02:00</timestamp>
	</userLocation>
	<userLocation>
		<longitude>8.914641</longitude>
		<latitude>44.712457</latitude>
		<timestamp>2011-05-03T14:52:43+02:00</timestamp>
	</userLocation>
	<userLocation>
		<longitude>8.941472</longitude>
		<latitude>44.729246</latitude>
		<timestamp>2011-05-03T14:52:43+02:00</timestamp>
	</userLocation>
	<userLocation>
		<longitude>8.959690</longitude>
		<latitude>44.721436</latitude>
		<timestamp>2011-05-03T14:52:43+02:00</timestamp>
	</userLocation>
	<userLocation>
		<longitude>8.939009</longitude>
		<latitude>44.730119</latitude>
		<timestamp>2011-05-03T14:52:43+02:00</timestamp>
	</userLocation>
	<userLocation>
		<longitude>8.905963</longitude>
		<latitude>44.752811</latitude>
		<timestamp>2011-05-03T14:52:43+02:00</timestamp>
	</userLocation>
	<userLocation>
		<longitude>8.472980</longitude>
		<latitude>45.107369</latitude>
		<timestamp>2011-05-03T14:52:43+02:00</timestamp>
	</userLocation>
	<userLocation>
		<longitude>8.905963</longitude>
		<latitude>44.752811</latitude>
		<timestamp>2011-05-03T14:52:43+02:00</timestamp>
	</userLocation>
	<userLocation>
		<longitude>8.945349</longitude>
		<latitude>44.730891</latitude>
		<timestamp>2011-05-03T14:52:43+02:00</timestamp>
	</userLocation>
	<userLocation>
		<longitude>8.933700</longitude>
		<latitude>44.755093</latitude>
		<timestamp>2011-05-03T14:52:43+02:00</timestamp>
	</userLocation>
	<userLocation>
		<longitude>8.905963</longitude>
		<latitude>44.752811</latitude>
		<timestamp>2011-05-03T14:52:43+02:00</timestamp>
	</userLocation>
	<userLocation>
		<longitude>9.038387</longitude>
		<latitude>44.694490</latitude>
		<timestamp>2011-05-03T14:52:43+02:00</timestamp>
	</userLocation>
	<userLocation>
		<longitude>8.905963</longitude>
		<latitude>44.752811</latitude>
		<timestamp>2011-05-03T14:52:43+02:00</timestamp>
	</userLocation>
	<userLocation>
		<longitude>9.023749</longitude>
		<latitude>44.802340</latitude>
		<timestamp>2011-05-03T14:52:43+02:00</timestamp>
	</userLocation>
	<userLocation>
		<longitude>8.905963</longitude>
		<latitude>44.752811</latitude>
		<timestamp>2011-05-03T14:52:43+02:00</timestamp>
	</userLocation>
	<userLocation>
		<longitude>9.038387</longitude>
		<latitude>44.694490</latitude>
		<timestamp>2011-05-03T14:52:43+02:00</timestamp>
	</userLocation>
	<userLocation>
		<longitude>9.038387</longitude>
		<latitude>44.694490</latitude>
		<timestamp>2011-05-03T14:52:43+02:00</timestamp>
	</userLocation>
	<userLocation>
		<longitude>8.941472</longitude>
		<latitude>44.729246</latitude>
		<timestamp>2011-05-03T14:52:43+02:00</timestamp>
	</userLocation>
	<userLocation>
		<longitude>8.975612</longitude>
		<latitude>44.722841</latitude>
		<timestamp>2011-05-03T14:52:43+02:00</timestamp>
	</userLocation>
	<userLocation>
		<longitude>9.033804</longitude>
		<latitude>44.837555</latitude>
		<timestamp>2011-05-03T14:52:43+02:00</timestamp>
	</userLocation>
	<userLocation>
		<longitude>9.052782</longitude>
		<latitude>44.726046</latitude>
		<timestamp>2011-05-03T14:52:43+02:00</timestamp>
	</userLocation>
	<userLocation>
		<longitude>8.959690</longitude>
		<latitude>44.721436</latitude>
		<timestamp>2011-05-03T14:52:43+02:00</timestamp>
	</userLocation>
	<userLocation>
		<longitude>8.941472</longitude>
		<latitude>44.729246</latitude>
		<timestamp>2011-05-03T14:52:43+02:00</timestamp>
	</userLocation>
	<userLocation>
		<longitude>8.968360</longitude>
		<latitude>44.729475</latitude>
		<timestamp>2011-05-03T14:52:43+02:00</timestamp>
	</userLocation>
	<userLocation>
		<longitude>8.905963</longitude>
		<latitude>44.752811</latitude>
		<timestamp>2011-05-03T14:52:43+02:00</timestamp>
	</userLocation>
	<userLocation>
		<longitude>9.142489</longitude>
		<latitude>44.784677</latitude>
		<timestamp>2011-05-03T14:52:43+02:00</timestamp>
	</userLocation>
	<userLocation>
		<longitude>8.889344</longitude>
		<latitude>44.707248</latitude>
		<timestamp>2011-05-03T14:52:43+02:00</timestamp>
	</userLocation>
	<userLocation>
		<longitude>8.928768</longitude>
		<latitude>44.725631</latitude>
		<timestamp>2011-05-03T14:52:43+02:00</timestamp>
	</userLocation>
	<userLocation>
		<longitude>8.528652</longitude>
		<latitude>45.164435</latitude>
		<timestamp>2011-05-03T14:52:43+02:00</timestamp>
	</userLocation>
	<userLocation>
		<longitude>8.803045</longitude>
		<latitude>44.855219</latitude>
		<timestamp>2011-05-03T14:52:43+02:00</timestamp>
	</userLocation>
	<userLocation>
		<longitude>8.707765</longitude>
		<latitude>45.009437</latitude>
		<timestamp>2011-05-03T14:52:43+02:00</timestamp>
	</userLocation>
	<userLocation>
		<longitude>8.943343</longitude>
		<latitude>44.731920</latitude>
		<timestamp>2011-05-03T14:52:43+02:00</timestamp>
	</userLocation>
	<userLocation>
		<longitude>8.905963</longitude>
		<latitude>44.752811</latitude>
		<timestamp>2011-05-03T14:52:43+02:00</timestamp>
	</userLocation>
	<userLocation>
		<longitude>8.905963</longitude>
		<latitude>44.752811</latitude>
		<timestamp>2011-05-03T14:52:43+02:00</timestamp>
	</userLocation>
	<userLocation>
		<longitude>8.847341</longitude>
		<latitude>44.893349</latitude>
		<timestamp>2011-05-03T14:52:43+02:00</timestamp>
	</userLocation>
	<userLocation>
		<longitude>8.819821</longitude>
		<latitude>44.684863</latitude>
		<timestamp>2011-05-03T14:52:43+02:00</timestamp>
	</userLocation>
	<userLocation>
		<longitude>8.518603</longitude>
		<latitude>45.033763</latitude>
		<timestamp>2011-05-03T14:52:43+02:00</timestamp>
	</userLocation>
	<userLocation>
		<longitude>8.956145</longitude>
		<latitude>44.730691</latitude>
		<timestamp>2011-05-03T14:52:43+02:00</timestamp>
	</userLocation>
	<userLocation>
		<longitude>8.943343</longitude>
		<latitude>44.731920</latitude>
		<timestamp>2011-05-03T14:52:43+02:00</timestamp>
	</userLocation>
	<userLocation>
		<longitude>8.529175</longitude>
		<latitude>45.091965</latitude>
		<timestamp>2011-05-03T14:52:43+02:00</timestamp>
	</userLocation>
	<userLocation>
		<longitude>8.968360</longitude>
		<latitude>44.729475</latitude>
		<timestamp>2011-05-03T14:52:43+02:00</timestamp>
	</userLocation>
	<userLocation>
		<longitude>8.905963</longitude>
		<latitude>44.752811</latitude>
		<timestamp>2011-05-03T14:52:43+02:00</timestamp>
	</userLocation>
	<userLocation>
		<longitude>8.935348</longitude>
		<latitude>44.729802</latitude>
		<timestamp>2011-05-03T14:52:43+02:00</timestamp>
	</userLocation>
	<userLocation>
		<longitude>8.828159</longitude>
		<latitude>44.940519</latitude>
		<timestamp>2011-05-03T14:52:43+02:00</timestamp>
	</userLocation>
	<userLocation>
		<longitude>8.939009</longitude>
		<latitude>44.730119</latitude>
		<timestamp>2011-05-03T14:52:43+02:00</timestamp>
	</userLocation>
	<userLocation>
		<longitude>9.038387</longitude>
		<latitude>44.694490</latitude>
		<timestamp>2011-05-03T14:52:43+02:00</timestamp>
	</userLocation>
	<userLocation>
		<longitude>8.951726</longitude>
		<latitude>44.730602</latitude>
		<timestamp>2011-05-03T14:52:43+02:00</timestamp>
	</userLocation>
	<userLocation>
		<longitude>8.943343</longitude>
		<latitude>44.731920</latitude>
		<timestamp>2011-05-03T14:52:43+02:00</timestamp>
	</userLocation>
	<userLocation>
		<longitude>9.038387</longitude>
		<latitude>44.694490</latitude>
		<timestamp>2011-05-03T14:52:43+02:00</timestamp>
	</userLocation>
	<userLocation>
		<longitude>8.772212</longitude>
		<latitude>44.730568</latitude>
		<timestamp>2011-05-03T14:52:43+02:00</timestamp>
	</userLocation>
	<userLocation>
		<longitude>8.511297</longitude>
		<latitude>44.790464</latitude>
		<timestamp>2011-05-03T14:52:43+02:00</timestamp>
	</userLocation>
	<userLocation>
		<longitude>9.050347</longitude>
		<latitude>44.708425</latitude>
		<timestamp>2011-05-03T14:52:43+02:00</timestamp>
	</userLocation>
	<userLocation>
		<longitude>8.943343</longitude>
		<latitude>44.731920</latitude>
		<timestamp>2011-05-03T14:52:43+02:00</timestamp>
	</userLocation>
	<userLocation>
		<longitude>8.949845</longitude>
		<latitude>44.733965</latitude>
		<timestamp>2011-05-03T14:52:43+02:00</timestamp>
	</userLocation>
	<userLocation>
		<longitude>8.943343</longitude>
		<latitude>44.731920</latitude>
		<timestamp>2011-05-03T14:52:43+02:00</timestamp>
	</userLocation>
	<userLocation>
		<longitude>8.925713</longitude>
		<latitude>44.722774</latitude>
		<timestamp>2011-05-03T14:52:43+02:00</timestamp>
	</userLocation>
	<userLocation>
		<longitude>8.968360</longitude>
		<latitude>44.729475</latitude>
		<timestamp>2011-05-03T14:52:43+02:00</timestamp>
	</userLocation>
	<userLocation>
		<longitude>8.943343</longitude>
		<latitude>44.731920</latitude>
		<timestamp>2011-05-03T14:52:43+02:00</timestamp>
	</userLocation>
	<userLocation>
		<longitude>9.046659</longitude>
		<latitude>44.830894</latitude>
		<timestamp>2011-05-03T14:52:43+02:00</timestamp>
	</userLocation>
	<userLocation>
		<longitude>9.038427</longitude>
		<latitude>44.694495</latitude>
		<timestamp>2011-05-03T14:52:43+02:00</timestamp>
	</userLocation>
	<userLocation>
		<longitude>8.958654</longitude>
		<latitude>44.728619</latitude>
		<timestamp>2011-05-03T14:52:43+02:00</timestamp>
	</userLocation>
	<userLocation>
		<longitude>8.905963</longitude>
		<latitude>44.752811</latitude>
		<timestamp>2011-05-03T14:52:43+02:00</timestamp>
	</userLocation>
	<userLocation>
		<longitude>8.922239</longitude>
		<latitude>44.767702</latitude>
		<timestamp>2011-05-03T14:52:43+02:00</timestamp>
	</userLocation>
	<userLocation>
		<longitude>9.030099</longitude>
		<latitude>44.839895</latitude>
		<timestamp>2011-05-03T14:52:43+02:00</timestamp>
	</userLocation>
	<userLocation>
		<longitude>8.968360</longitude>
		<latitude>44.729475</latitude>
		<timestamp>2011-05-03T14:52:43+02:00</timestamp>
	</userLocation>
	<userLocation>
		<longitude>8.912419</longitude>
		<latitude>44.917257</latitude>
		<timestamp>2011-05-03T14:52:43+02:00</timestamp>
	</userLocation>
	<userLocation>
		<longitude>8.794280</longitude>
		<latitude>44.768597</latitude>
		<timestamp>2011-05-03T14:52:43+02:00</timestamp>
	</userLocation>
	<userLocation>
		<longitude>8.388341</longitude>
		<latitude>44.858013</latitude>
		<timestamp>2011-05-03T14:52:43+02:00</timestamp>
	</userLocation>
	<userLocation>
		<longitude>8.922239</longitude>
		<latitude>44.767702</latitude>
		<timestamp>2011-05-03T14:52:43+02:00</timestamp>
	</userLocation>
	<userLocation>
		<longitude>8.975164</longitude>
		<latitude>44.729528</latitude>
		<timestamp>2011-05-03T14:52:43+02:00</timestamp>
	</userLocation>
	<userLocation>
		<longitude>8.975612</longitude>
		<latitude>44.722841</latitude>
		<timestamp>2011-05-03T14:52:43+02:00</timestamp>
	</userLocation>
	<userLocation>
		<longitude>8.968360</longitude>
		<latitude>44.729475</latitude>
		<timestamp>2011-05-03T14:52:43+02:00</timestamp>
	</userLocation>
	<userLocation>
		<longitude>8.969117</longitude>
		<latitude>44.731250</latitude>
		<timestamp>2011-05-03T14:52:43+02:00</timestamp>
	</userLocation>
	<userLocation>
		<longitude>8.941472</longitude>
		<latitude>44.729246</latitude>
		<timestamp>2011-05-03T14:52:43+02:00</timestamp>
	</userLocation>
	<userLocation>
		<longitude>8.943343</longitude>
		<latitude>44.731920</latitude>
		<timestamp>2011-05-03T14:52:43+02:00</timestamp>
	</userLocation>
	<userLocation>
		<longitude>8.412772</longitude>
		<latitude>45.004154</latitude>
		<timestamp>2011-05-03T14:52:43+02:00</timestamp>
	</userLocation>
	<userLocation>
		<longitude>8.974513</longitude>
		<latitude>44.729058</latitude>
		<timestamp>2011-05-03T14:52:43+02:00</timestamp>
	</userLocation>
	<userLocation>
		<longitude>8.905963</longitude>
		<latitude>44.752811</latitude>
		<timestamp>2011-05-03T14:52:43+02:00</timestamp>
	</userLocation>
	<userLocation>
		<longitude>8.984086</longitude>
		<latitude>44.884689</latitude>
		<timestamp>2011-05-03T14:52:43+02:00</timestamp>
	</userLocation>
	<userLocation>
		<longitude>8.973661</longitude>
		<latitude>44.731817</latitude>
		<timestamp>2011-05-03T14:52:43+02:00</timestamp>
	</userLocation>
	<userLocation>
		<longitude>8.975164</longitude>
		<latitude>44.729528</latitude>
		<timestamp>2011-05-03T14:52:43+02:00</timestamp>
	</userLocation>
	<userLocation>
		<longitude>8.951796</longitude>
		<latitude>44.723438</latitude>
		<timestamp>2011-05-03T14:52:43+02:00</timestamp>
	</userLocation>
	<userLocation>
		<longitude>9.038387</longitude>
		<latitude>44.694490</latitude>
		<timestamp>2011-05-03T14:52:43+02:00</timestamp>
	</userLocation>
	<userLocation>
		<longitude>8.942076</longitude>
		<latitude>44.960222</latitude>
		<timestamp>2011-05-03T14:52:43+02:00</timestamp>
	</userLocation>
	<userLocation>
		<longitude>8.624030</longitude>
		<latitude>44.836003</latitude>
		<timestamp>2011-05-03T14:52:43+02:00</timestamp>
	</userLocation>
	<userLocation>
		<longitude>8.973096</longitude>
		<latitude>44.732293</latitude>
		<timestamp>2011-05-03T14:52:43+02:00</timestamp>
	</userLocation>
	<userLocation>
		<longitude>8.958654</longitude>
		<latitude>44.728619</latitude>
		<timestamp>2011-05-03T14:52:43+02:00</timestamp>
	</userLocation>
	<userLocation>
		<longitude>8.944475</longitude>
		<latitude>44.730604</latitude>
		<timestamp>2011-05-03T14:52:43+02:00</timestamp>
	</userLocation>
	<userLocation>
		<longitude>8.436146</longitude>
		<latitude>44.867521</latitude>
		<timestamp>2011-05-03T14:52:43+02:00</timestamp>
	</userLocation>
	<userLocation>
		<longitude>8.409696</longitude>
		<latitude>44.870376</latitude>
		<timestamp>2011-05-03T14:52:43+02:00</timestamp>
	</userLocation>
	<userLocation>
		<longitude>8.809538</longitude>
		<latitude>44.766836</latitude>
		<timestamp>2011-05-03T14:52:43+02:00</timestamp>
	</userLocation>
	<userLocation>
		<longitude>8.973661</longitude>
		<latitude>44.731817</latitude>
		<timestamp>2011-05-03T14:52:43+02:00</timestamp>
	</userLocation>
	<userLocation>
		<longitude>8.922239</longitude>
		<latitude>44.767702</latitude>
		<timestamp>2011-05-03T14:52:43+02:00</timestamp>
	</userLocation>
	<userLocation>
		<longitude>8.915845</longitude>
		<latitude>44.716183</latitude>
		<timestamp>2011-05-03T14:52:43+02:00</timestamp>
	</userLocation>
	<userLocation>
		<longitude>8.819844</longitude>
		<latitude>44.743024</latitude>
		<timestamp>2011-05-03T14:52:43+02:00</timestamp>
	</userLocation>
	<userLocation>
		<longitude>8.972483</longitude>
		<latitude>44.730765</latitude>
		<timestamp>2011-05-03T14:52:43+02:00</timestamp>
	</userLocation>
	<userLocation>
		<longitude>8.794280</longitude>
		<latitude>44.768597</latitude>
		<timestamp>2011-05-03T14:52:43+02:00</timestamp>
	</userLocation>
	<userLocation>
		<longitude>9.053189</longitude>
		<latitude>44.839375</latitude>
		<timestamp>2011-05-03T14:52:43+02:00</timestamp>
	</userLocation>
	<userLocation>
		<longitude>9.110922</longitude>
		<latitude>44.752491</latitude>
		<timestamp>2011-05-03T14:52:43+02:00</timestamp>
	</userLocation>
	<userLocation>
		<longitude>8.958654</longitude>
		<latitude>44.728619</latitude>
		<timestamp>2011-05-03T14:52:43+02:00</timestamp>
	</userLocation>
	<userLocation>
		<longitude>8.958654</longitude>
		<latitude>44.728619</latitude>
		<timestamp>2011-05-03T14:52:43+02:00</timestamp>
	</userLocation>
	<userLocation>
		<longitude>8.847312</longitude>
		<latitude>44.893382</latitude>
		<timestamp>2011-05-03T14:52:43+02:00</timestamp>
	</userLocation>
	<userLocation>
		<longitude>8.815789</longitude>
		<latitude>44.710984</latitude>
		<timestamp>2011-05-03T14:52:43+02:00</timestamp>
	</userLocation>
	<userLocation>
		<longitude>8.810154</longitude>
		<latitude>44.737140</latitude>
		<timestamp>2011-05-03T14:52:43+02:00</timestamp>
	</userLocation>
	<userLocation>
		<longitude>8.973096</longitude>
		<latitude>44.732293</latitude>
		<timestamp>2011-05-03T14:52:43+02:00</timestamp>
	</userLocation>
	<userLocation>
		<longitude>8.965215</longitude>
		<latitude>44.761623</latitude>
		<timestamp>2011-05-03T14:52:43+02:00</timestamp>
	</userLocation>
	<userLocation>
		<longitude>8.956145</longitude>
		<latitude>44.730691</latitude>
		<timestamp>2011-05-03T14:52:43+02:00</timestamp>
	</userLocation>
	<userLocation>
		<longitude>8.905963</longitude>
		<latitude>44.752811</latitude>
		<timestamp>2011-05-03T14:52:43+02:00</timestamp>
	</userLocation>
	<userLocation>
		<longitude>8.701550</longitude>
		<latitude>45.009958</latitude>
		<timestamp>2011-05-03T14:52:43+02:00</timestamp>
	</userLocation>
	<userLocation>
		<longitude>8.958654</longitude>
		<latitude>44.728619</latitude>
		<timestamp>2011-05-03T14:52:43+02:00</timestamp>
	</userLocation>
	<userLocation>
		<longitude>8.955322</longitude>
		<latitude>44.843866</latitude>
		<timestamp>2011-05-03T14:52:43+02:00</timestamp>
	</userLocation>
	<userLocation>
		<longitude>8.704817</longitude>
		<latitude>44.866959</latitude>
		<timestamp>2011-05-03T14:52:43+02:00</timestamp>
	</userLocation>
	<userLocation>
		<longitude>8.944928</longitude>
		<latitude>44.730293</latitude>
		<timestamp>2011-05-03T14:52:43+02:00</timestamp>
	</userLocation>
	<userLocation>
		<longitude>8.905963</longitude>
		<latitude>44.752811</latitude>
		<timestamp>2011-05-03T14:52:43+02:00</timestamp>
	</userLocation>
	<userLocation>
		<longitude>8.965166</longitude>
		<latitude>44.732351</latitude>
		<timestamp>2011-05-03T14:52:43+02:00</timestamp>
	</userLocation>
	<userLocation>
		<longitude>8.947261</longitude>
		<latitude>44.730253</latitude>
		<timestamp>2011-05-03T14:52:43+02:00</timestamp>
	</userLocation>
	<userLocation>
		<longitude>8.968360</longitude>
		<latitude>44.729475</latitude>
		<timestamp>2011-05-03T14:52:43+02:00</timestamp>
	</userLocation>
	<userLocation>
		<longitude>8.944475</longitude>
		<latitude>44.730680</latitude>
		<timestamp>2011-05-03T14:52:43+02:00</timestamp>
	</userLocation>
	<userLocation>
		<longitude>8.951726</longitude>
		<latitude>44.730602</latitude>
		<timestamp>2011-05-03T14:52:43+02:00</timestamp>
	</userLocation>
	<userLocation>
		<longitude>8.975692</longitude>
		<latitude>44.722466</latitude>
		<timestamp>2011-05-03T14:52:43+02:00</timestamp>
	</userLocation>
	<userLocation>
		<longitude>9.029996</longitude>
		<latitude>44.808113</latitude>
		<timestamp>2011-05-03T14:52:43+02:00</timestamp>
	</userLocation>
	<userLocation>
		<longitude>8.769765</longitude>
		<latitude>44.725890</latitude>
		<timestamp>2011-05-03T14:52:43+02:00</timestamp>
	</userLocation>
	<userLocation>
		<longitude>8.907706</longitude>
		<latitude>44.751816</latitude>
		<timestamp>2011-05-03T14:52:43+02:00</timestamp>
	</userLocation>
	<userLocation>
		<longitude>8.950430</longitude>
		<latitude>44.731756</latitude>
		<timestamp>2011-05-03T14:52:43+02:00</timestamp>
	</userLocation>
	<userLocation>
		<longitude>8.942076</longitude>
		<latitude>44.960222</latitude>
		<timestamp>2011-05-03T14:52:43+02:00</timestamp>
	</userLocation>
	<userLocation>
		<longitude>8.389437</longitude>
		<latitude>44.621595</latitude>
		<timestamp>2011-05-03T14:52:43+02:00</timestamp>
	</userLocation>
	<userLocation>
		<longitude>8.815789</longitude>
		<latitude>44.710984</latitude>
		<timestamp>2011-05-03T14:52:43+02:00</timestamp>
	</userLocation>
	<userLocation>
		<longitude>8.972483</longitude>
		<latitude>44.730765</latitude>
		<timestamp>2011-05-03T14:52:43+02:00</timestamp>
	</userLocation>
	<userLocation>
		<longitude>8.958654</longitude>
		<latitude>44.728619</latitude>
		<timestamp>2011-05-03T14:52:43+02:00</timestamp>
	</userLocation>
	<userLocation>
		<longitude>8.941472</longitude>
		<latitude>44.729246</latitude>
		<timestamp>2011-05-03T14:52:43+02:00</timestamp>
	</userLocation>
	<userLocation>
		<longitude>8.951796</longitude>
		<latitude>44.723438</latitude>
		<timestamp>2011-05-03T14:52:43+02:00</timestamp>
	</userLocation>
</usersLocations>
