<sect1 id="packet_names.h"><title><filename>packet_names.h</filename></title>
<informaltable frame='all' pgwide='1'>
<tgroup cols='1'>
<colspec colname='c1'></colspec>
<colspec colname='c2'></colspec>
<spanspec spanname='s1' namest='c1' nameend='c2'></spanspec>

<tfoot>
<row>
  <entry spanname='s1' align='left'>Notes based on code as of Tue Apr 6 10:17:55 2010 -0400.</entry>
</row>
</tfoot>

<tbody>
<row>
  <entry><para>This is a file generated by the <quote>make</quote>
  process from <function>packet_states.h</function>. It takes all the
  state names in that file and surrounds them with speech marks. These
  values are read into a table of packet names,
  <function>state_table[]</function>, in
  <function>packet.c</function>.</para></entry>
</row>
</tbody>

</tgroup>
</informaltable>
</sect1>
