<sect1 id="subframe.c"><title><filename>subframe.c</filename></title>
<informaltable frame='all' pgwide='1'>
<tgroup cols='2'>
<colspec colname='c1'></colspec>
<colspec colname='c2'></colspec>
<spanspec spanname='s1' namest='c1' nameend='c2'></spanspec>

<thead>
<row>
  <entry>Functions:-</entry><entry>This code interprets satellite RTCM-104 subframe data.</entry>
</row>
</thead>

<tfoot>
<row>
  <entry spanname='s1' align='left'>Notes based on code as of .Tue Apr 6 10:17:55 2010 -0400.</entry>
</row>
</tfoot>

<tbody>
<row>
  <entry><function>void gpsd_interpret_subframe(struct gps_device_t *session,unsigned int words[])</function></entry>
  <entry><para>Extracts leap-second from RTCM-104 subframe data.</para></entry>
</row>
</tbody>

</tgroup>
</informaltable>
</sect1>
