<sect1 id="dbusexport.c"><title><filename>dbusexport.c</filename></title>
<informaltable frame='all' pgwide='1'>
<tgroup cols='2'>
<colspec colname='c1'></colspec>
<colspec colname='c2'></colspec>
<spanspec spanname='s1' namest='c1' nameend='c2'></spanspec>

<thead>
<row>
  <entry>Functions:-</entry><entry>Handles initialization of and communication with the DBUS.</entry>
</row>
</thead>

<tfoot>
<row>
  <entry spanname='s1' align='left'>Notes based on code as of Mon Apr 5 21:38:06 2010 -0400.</entry>
</row>
</tfoot>

<tbody>
<row>
  <entry><function>int initialize_dbus_connection(void)</function></entry>
  <entry><para>Initializes the DBUS connection.</para></entry>
</row>
<row>
  <entry><function>void send_dbus_fix(struct gps_device_t* channel)</function></entry>
  <entry><para>Sends the current fix data for this channel via dbus</para></entry>
</row>
</tbody>

</tgroup>
</informaltable>
</sect1>
